차종,품명,컬러,품목구분,납품포장용량,납품처,판매가격,사출매입가,제조가격,공정-1,C/T-1,CVT-1,공정-2,C/T-2,CVT-2,공정-3,C/T-3,CVT-3,공정-4,C/T-4,CVT-4,관리코드,도료1_사양,도료1_주제,도료1_경화제,도료1_희석제,도료2_사양,도료2_주제,도료2_경화제,도료2_희석제,도료3_사양,도료3_주제,도료3_경화제,도료3_희석제,도료4_사양,도료4_주제,도료4_경화제,도료4_희석제,사출자재_공급처,사출자재_품명,사출자재_컬러,사출자재_단가
46T,LENS [COVER] L-27A,SILVER,A/S품,320,흥일,870,180,690,도장-B,36,18,,,,,,,,,,46T-LENS[COVER]L-27A-SILVER-001,Primer,DAU#차폐 BASE BLACK,POLYHARD ECON,DR-570희석제(BTX-FREE),Color,,,,,,,,,,,,사내,COVER,WHITE,
사출,GUIDE LAMP,사출,양산품,"1,000",대양,146,146,-,사출,,,조립,5,1,,,,,,,사출-GUIDELAMP-사출-001,,NAL# 100 무광 차폐 블랙,,,,,,,,,,,,,,,사내,LIGHT LENS,CLEAR,
A3,COVER [EC] 6PS 레이저인쇄,6PS,양산품,600,일흥,397,110,287,도장-A,20,20,레이저,50,32,외관+각인 검사,20,16,,,,A3-COVER[EC]6PS레이저인쇄-6PS-001,Primer,NAL# 100 무광 차폐 블랙,,DR-705 신나,Color,NAU-700 6PS,DH-230 경화제,DR-705 신나,,,,,,,,,사내,ECALL COVER (RED),RED,
A3,COVER [EC] AZ3 레이저인쇄,AZ3,양산품,600,일흥,397,110,287,도장-A,20,20,레이저,50,32,외관+각인 검사,20,16,,,,A3-COVER[EC]AZ3레이저인쇄-AZ3-001,Primer,NAL# 100 무광 차폐 블랙,,DR-705 신나,Color,NAU-700 AZ3,DH-230 경화제,DR-705 신나,,,,,,,,,사내,ECALL COVER (RED),RED,
A3,HIGH B-CALL KNOB 6PS 레이저 인쇄,6PS,양산품,"1,000",왕신,298,70,228,도장-A,5,6,레이저,50,32,외관+각인 검사,20,16,,,,A3-HIGHB-CALLKNOB6PS레이저인쇄-6PS-001,Primer,NAL# 100 무광 차폐 블랙,,DR-705 신나,Color,NAU-700 6PS,DH-230 경화제,DR-705 신나,,,,,,,,,사내,BCALL KNOB,WHITE,
A3,HIGH B-CALL KNOB AZ3 레이저 인쇄,AZ3,양산품,"1,000",왕신,298,70,228,도장-A,5,6,레이저,50,32,외관+각인 검사,20,16,,,,A3-HIGHB-CALLKNOBAZ3레이저인쇄-AZ3-001,Primer,NAL# 100 무광 차폐 블랙,,DR-705 신나,Color,NAU-700 AZ3,DH-230 경화제,DR-705 신나,,,,,,,,,사내,BCALL KNOB,WHITE,
A3,HIGH DOOR KNOB 6PS 레이저 인쇄,6PS,양산품,"1,000",왕신,291,70,221,도장-A,5,4,레이저,50,32,외관+각인 검사,20,16,,,,A3-HIGHDOORKNOB6PS레이저인쇄-6PS-001,Primer,NAL# 100 무광 차폐 블랙,,DR-705 신나,Color,NAU-700 6PS,DH-230 경화제,DR-705 신나,,,,,,,,,사내,HIGH DOOR KNOB,WHITE,
A3,HIGH DOOR KNOB AZ3 레이저 인쇄,AZ3,양산품,"1,000",왕신,291,70,221,도장-A,5,6,레이저,50,32,외관+각인 검사,20,16,,,,A3-HIGHDOORKNOBAZ3레이저인쇄-AZ3-001,Primer,NAL# 100 무광 차폐 블랙,,DR-705 신나,Color,NAU-700 AZ3,DH-230 경화제,DR-705 신나,,,,,,,,,사내,HIGH DOOR KNOB,WHITE,
A3,HIGH ROOM KNOB 6PS 레이저 인쇄,6PS,양산품,"1,000",왕신,291,70,221,도장-A,5,6,레이저,50,32,외관+각인 검사,20,16,,,,A3-HIGHROOMKNOB6PS레이저인쇄-6PS-001,Primer,NAL# 100 무광 차폐 블랙,,DR-705 신나,Color,NAU-700 6PS,DH-230 경화제,DR-705 신나,,,,,,,,,사내,HIGH ROOM KNOB,WHITE,
A3,HIGH ROOM KNOB AZ3 레이저 인쇄,AZ3,양산품,"1,000",왕신,291,70,221,도장-A,5,6,레이저,50,32,외관+각인 검사,20,16,,,,A3-HIGHROOMKNOBAZ3레이저인쇄-AZ3-001,Primer,NAL# 100 무광 차폐 블랙,,DR-705 신나,Color,NAU-700 AZ3,DH-230 경화제,DR-705 신나,,,,,,,,,사내,HIGH ROOM KNOB,WHITE,
A3,KNOB [DOOR LOW] 6PS 레이저인쇄,6PS,양산품,"1,000",왕신,309,70,239,도장-A,5,6,레이저,50,32,외관+각인 검사,20,16,,,,A3-KNOB[DOORLOW]6PS레이저인쇄-6PS-001,Primer,NAL# 100 무광 차폐 블랙,,DR-705 신나,Color,NAU-700 6PS,DH-230 경화제,DR-705 신나,,,,,,,,,사내,LOW DOOR KNOB,WHITE,
A3,KNOB [DOOR LOW] AZ3 레이저인쇄,AZ3,양산품,"1,000",왕신,309,70,239,도장-A,5,6,레이저,50,32,외관+각인 검사,20,16,,,,A3-KNOB[DOORLOW]AZ3레이저인쇄-AZ3-001,Primer,NAL# 100 무광 차폐 블랙,,DR-705 신나,Color,NAU-700 AZ3,DH-230 경화제,DR-705 신나,,,,,,,,,사내,LOW DOOR KNOB,WHITE,
A3,KNOB [ROOM LOW] 6PS 레이저인쇄,6PS,양산품,"1,000",왕신,309,70,239,도장-A,5,6,레이저,50,32,외관+각인 검사,20,16,,,,A3-KNOB[ROOMLOW]6PS레이저인쇄-6PS-001,Primer,NAL# 100 무광 차폐 블랙,,DR-705 신나,Color,NAU-700 6PS,DH-230 경화제,DR-705 신나,,,,,,,,,사내,LOW ROOM KNOB,WHITE,
A3,KNOB [ROOM LOW] AZ3 레이저인쇄,AZ3,양산품,"1,000",왕신,309,70,239,도장-A,5,6,레이저,50,32,외관+각인 검사,20,16,,,,A3-KNOB[ROOMLOW]AZ3레이저인쇄-AZ3-001,Primer,NAL# 100 무광 차폐 블랙,,DR-705 신나,Color,NAU-700 AZ3,DH-230 경화제,DR-705 신나,,,,,,,,,사내,LOW ROOM KNOB,WHITE,
A3 PA,A3 PA COVER [EC] 6PS 레이저인쇄,6PS,양산품,600,일흥,389,110,279,도장-A,20,20,레이저,50,32,외관+각인 검사,20,16,,,,A3PA-A3PACOVER[EC]6PS레이저인쇄-6PS-001,Primer,NAL# 100 무광 차폐 블랙,,DR-705 신나,Color,NAU-700 6PS,DH-230 경화제,DR-705 신나,,,,,,,,,사내,HIGH ECALL COVER(RED),RED,
A3 PA,A3 PA COVER [EC] AZ3 레이저인쇄,AZ3,양산품,600,일흥,389,110,279,도장-A,20,20,레이저,50,32,외관+각인 검사,20,16,,,,A3PA-A3PACOVER[EC]AZ3레이저인쇄-AZ3-001,Primer,NAL# 100 무광 차폐 블랙,,DR-705 신나,Color,NAU-700 AZ3,DH-230 경화제,DR-705 신나,,,,,,,,,사내,HIGH ECALL COVER(RED),RED,
A3 PA,COVER [PAO] 6PS 레이저인쇄,6PS,양산품,480,일흥,695,304,391,도장-A,10,6,레이저,50,32,외관+각인 검사,20,16,,,,A3PA-COVER[PAO]6PS레이저인쇄-6PS-001,Primer,NAL# 100 무광 차폐 블랙,,DR-705 신나,Color,NAU-700 6PS,DH-230 경화제,DR-705 신나,,,,,,,,,사내,PAO COVER (WHITE),WHITE,
A3 PA,COVER [PAO] AZ3 레이저인쇄,AZ3,양산품,480,일흥,695,304,391,도장-A,10,6,레이저,50,32,외관+각인 검사,20,16,,,,A3PA-COVER[PAO]AZ3레이저인쇄-AZ3-001,Primer,NAL# 100 무광 차폐 블랙,,DR-705 신나,Color,NAU-700 AZ3,DH-230 경화제,DR-705 신나,,,,,,,,,사내,PAO COVER (WHITE),WHITE,
A3 PA,KNOB-BC[HIGH] 6PS,6PS,양산품,"1,000",왕신,294,70,224,도장-A,5,6,레이저,50,32,외관+각인 검사,20,16,,,,A3PA-KNOB-BC[HIGH]6PS-6PS-001,Primer,NAL# 100 무광 차폐 블랙,,DR-705 신나,Color,NAU-700 6PS,DH-230 경화제,DR-705 신나,,,,,,,,,사내,HIGH BCALL KNOB,WHITE,
A3 PA,KNOB-BC[HIGH] AZ3,AZ3,양산품,"1,000",왕신,294,70,224,도장-A,5,6,레이저,50,32,외관+각인 검사,20,16,,,,A3PA-KNOB-BC[HIGH]AZ3-AZ3-001,Primer,NAL# 100 무광 차폐 블랙,,DR-705 신나,Color,NAU-700 AZ3,DH-230 경화제,DR-705 신나,,,,,,,,,사내,HIGH BCALL KNOB,WHITE,
A3 PA,KNOB-DOOR[HIGH] 6PS,6PS,양산품,"1,000",왕신,287,70,217,도장-A,5,6,레이저,50,32,외관+각인 검사,20,16,,,,A3PA-KNOB-DOOR[HIGH]6PS-6PS-001,Primer,NAL# 100 무광 차폐 블랙,,DR-705 신나,Color,NAU-700 6PS,DH-230 경화제,DR-705 신나,,,,,,,,,사내,HIGH DOOR KNOB,WHITE,
A3 PA,KNOB-DOOR[HIGH] AZ3,AZ3,양산품,"1,000",왕신,287,70,217,도장-A,5,6,레이저,50,32,외관+각인 검사,20,16,,,,A3PA-KNOB-DOOR[HIGH]AZ3-AZ3-001,Primer,NAL# 100 무광 차폐 블랙,,DR-705 신나,Color,NAU-700 AZ3,DH-230 경화제,DR-705 신나,,,,,,,,,사내,HIGH DOOR KNOB,WHITE,
A3 PA,KNOB-ECALL (사출+레이져),RED,양산품,"1,000",왕신,126,110,16,도장-A,20,20,레이저,50,32,외관+각인 검사,20,16,,,,A3PA-KNOB-ECALL(사출+레이져)-RED-001,,,,,,,,,,,,,,,,,사내,HIGH ECALL KNOB(RED),RED,
A3 PA,KNOB-ROOM[HIGH] 6PS,6PS,양산품,"1,000",왕신,287,70,217,도장-A,5,6,레이저,50,32,외관+각인 검사,20,16,,,,A3PA-KNOB-ROOM[HIGH]6PS-6PS-001,Primer,NAL# 100 무광 차폐 블랙,,DR-705 신나,Color,NAU-700 6PS,DH-230 경화제,DR-705 신나,,,,,,,,,사내,HIGH ROOM KNOB,WHITE,
A3 PA,KNOB-ROOM[HIGH] AZ3,AZ3,양산품,"1,000",왕신,287,70,217,도장-A,5,6,레이저,50,32,외관+각인 검사,20,16,,,,A3PA-KNOB-ROOM[HIGH]AZ3-AZ3-001,Primer,NAL# 100 무광 차폐 블랙,,DR-705 신나,Color,NAU-700 AZ3,DH-230 경화제,DR-705 신나,,,,,,,,,사내,HIGH ROOM KNOB,WHITE,
A3 PA,LENS [HIGH] UV코팅,CLEAR,양산품,180,일흥,809,200,609,도장-A,30,4,레이저,50,32,외관+각인 검사,20,16,,,,A3PA-LENS[HIGH]UV코팅-CLEAR-001,Clear,,,,,,,,,,,,,,,,사내,LENS HIGH (투명),CLEAR,
A3 PA,PA2 B-CALL KNOB 6PS 레이저인쇄,6PS,양산품,"1,000",왕신,309,70,239,도장-A,5,6,레이저,50,32,외관+각인 검사,20,16,,,,A3PA-PA2B-CALLKNOB6PS레이저인쇄-6PS-001,Primer,NAL# 100 무광 차폐 블랙,,DR-705 신나,Color,NAU-700 6PS,DH-230 경화제,DR-705 신나,,,,,,,,,사내,PA2 HIGH BCALL KNOB,WHITE,
A3 PA,PA2 B-CALL KNOB AZ3 레이저인쇄,AZ3,양산품,"1,000",왕신,309,70,239,도장-A,5,6,레이저,50,32,외관+각인 검사,20,16,,,,A3PA-PA2B-CALLKNOBAZ3레이저인쇄-AZ3-001,Primer,NAL# 100 무광 차폐 블랙,,DR-705 신나,Color,NAU-700 AZ3,DH-230 경화제,DR-705 신나,,,,,,,,,사내,PA2 HIGH BCALL KNOB,WHITE,
A8,HOUSING-1PH,1PH,양산품,48,준산업,,869,,도장-B,40,9,,,,,,,,,,A8-HOUSING-1PH-1PH-001,Color,1PH,958(HMC)C.A,KCD - 희석제,,,,,,,,,,,,,알리,HOUSING,GRAY,
A8,HOUSING-6PS,6PS,양산품,48,준산업,,869,,도장-B,40,9,,,,,,,,,,A8-HOUSING-6PS-6PS-001,Color,NAU-700 6PS,DH-230 경화제,DR-705 신나,,,,,,,,,,,,,알리,HOUSING,BLACK,
A8,LOWER-1PH,1PH,양산품,220,준산업,873,371,502,도장-B,40,10,,,,,,,,,,A8-LOWER-1PH-1PH-001,Color,1PH,958(HMC)C.A,KCD - 희석제,,,,,,,,,,,,,알리,LOWER CASE,GRAY,
A8,LOWER-6PS,6PS,양산품,220,준산업,873,371,502,도장-B,40,10,,,,,,,,,,A8-LOWER-6PS-6PS-001,Color,NAU-700 6PS,DH-230 경화제,DR-705 신나,,,,,,,,,,,,,알리,LOWER CASE,BLACK,
A8,MAKE UP BEZEL,SILVER,양산품,"2,000",준산업,155,49,106,도장-B,36,48,외관검사,,,,,,,,,A8-MAKEUPBEZEL-SILVER-001,Color,,,,,,,,,,,,,,,,알리,MAKE UP BEZEL,GRAY,
A8,UPPER-1PH,1PH,양산품,220,준산업,995,401,594,도장-B,40,10,,,,,,,,,,A8-UPPER-1PH-1PH-001,Color,1PH,958(HMC)C.A,KCD - 희석제,,,,,,,,,,,,,알리,UPPER CASE,GRAY,
A8,UPPER-6PS,6PS,양산품,220,준산업,995,401,594,도장-B,40,10,,,,,,,,,,A8-UPPER-6PS-6PS-001,Color,NAU-700 6PS,DH-230 경화제,DR-705 신나,,,,,,,,,,,,,알리,UPPER CASE,BLACK,
BT1XX,Bt1xx COVER S/A-SIDE,ZET BLACK,양산품,,대양,582,262,320,도장A,5,4,외관검사,5,1,,,,,,,BT1XX-Bt1xxCOVERS/A-SIDE-ZETBLACK-001,Primer,,958(HMC)C.A,,Color,,,,,,,,,,,,,COVER S/A-SIDE (BLACK),BLACK,
BT1XX,BT1XX DECO TRIM #1 151V,151V,양산품,,대양,"1,700",441,"1,259",도장-B,27,40,외관검사,5,1,,,,,,,BT1XX-BT1XXDECOTRIM#1151V-151V-001,Color,NUH#3000 CR-CLEAR(KC)-MATT,,DR-570희석제(BTX-FREE),Clear,NUH#3000 CR-CLEAR(KC),KC-BK001 3%용 원액,DR-570희석제(BTX-FREE),,,,,,,,,,DECO TRIM #1 151V,CROM,
BT1XX,BT1XX DECO TRIM #2 151V,151V,양산품,,대양,"1,700",441,"1,259",도장-B,27,40,외관검사,5,1,,,,,,,BT1XX-BT1XXDECOTRIM#2151V-151V-001,Color,NUH#3000 CR-CLEAR(KC)-MATT,,DR-570희석제(BTX-FREE),Clear,NUH#3000 CR-CLEAR(KC),KC-BK001 3%용 원액,DR-570희석제(BTX-FREE),,,,,,,,,,DECO TRIM #2 151V,CROM,
BT1XX,BT1XX DECO TRIM #3 151V,151V,양산품,,대양,580,210,370,도장-B,27,40,외관검사,5,1,,,,,,,BT1XX-BT1XXDECOTRIM#3151V-151V-001,Color,NUH#3000 CR-CLEAR(KC)-MATT,,DR-570희석제(BTX-FREE),Clear,NUH#3000 CR-CLEAR(KC),KC-BK001 3%용 원액,DR-570희석제(BTX-FREE),,,,,,,,,,DECO TRIM #3 151V,CROM,
BT1XX,Bt1xx KNOB-LOWER,ZET BLACK,양산품,,대양,850,244,606,도장A,10,36,외관검사,5,1,,,,,,,BT1XX-Bt1xxKNOB-LOWER-ZETBLACK-001,Primer,,958(HMC)C.A,,Color,,958(HMC)C.A,,,,,,,,,,,KNOB-LOWER (BLACK),BLACK,
BT1XX,BT1XX LINER  151V,151V,양산품,,대양,"1,600",389,"1,211",도장-B,27,40,외관검사,5,1,,,,,,,BT1XX-BT1XXLINER151V-151V-001,Color,NUH#3000 CR-CLEAR(KC)-MATT,,DR-570희석제(BTX-FREE),Clear,NUH#3000 CR-CLEAR(KC),KC-BK001 3%용 원액,DR-570희석제(BTX-FREE),,,,,,,,,,LINER  151V,CROM,
BT1XX,Bt1xx TRIM-BEZEL,ZET BLACK,양산품,,대양,"1,320",461,859,도장-B,10,36,외관검사,5,1,,,,,,,BT1XX-Bt1xxTRIM-BEZEL-ZETBLACK-001,Primer,,958(HMC)C.A,,Color,,958(HMC)C.A,,,,,,,,,,,TRIM-BEZEL (BLACK),BLACK,
C223,DECO HOR VANE LH,BLACK ICE,양산품,,대양,700,185,515,도장-B,40,81,외관검사,5,1,,,,,,,C223-DECOHORVANELH-BLACKICE-001,Primer,NUH#3000 CR-CLEAR(KC),NH-500 경화제(KC),DR-570희석제(BTX-FREE),Clear,NUH#3000 CR-CLEAR(KC),KC-BK001 3%용 원액,DR-570희석제(BTX-FREE),,,,,,,,,,DECO HOR VANE LH,CROM,
C223,DECO HOR VANE RH,BLACK ICE,양산품,,대양,700,185,515,도장-B,40,81,외관검사,5,1,,,,,,,C223-DECOHORVANERH-BLACKICE-001,Primer,NUH#3000 CR-CLEAR(KC),NH-500 경화제(KC),DR-570희석제(BTX-FREE),Clear,NUH#3000 CR-CLEAR(KC),KC-BK001 3%용 원액,DR-570희석제(BTX-FREE),,,,,,,,,,DECO HOR VANE RH,CROM,
C223,KNOB DECO CTR,BLACK ICE,양산품,,대양,400,90,310,도장-B,40,81,외관검사,5,1,,,,,,,C223-KNOBDECOCTR-BLACKICE-001,Primer,NUH#3000 CR-CLEAR(KC),NH-500 경화제(KC),DR-570희석제(BTX-FREE),Clear,NUH#3000 CR-CLEAR(KC),KC-BK001 3%용 원액,DR-570희석제(BTX-FREE),,,,,,,,,,KNOB DECO CTR,CROM,
C223,KNOB DECO OTR,BLACK ICE,양산품,,대양,400,90,310,도장-B,40,81,외관검사,5,1,,,,,,,C223-KNOBDECOOTR-BLACKICE-001,Primer,NUH#3000 CR-CLEAR(KC),NH-500 경화제(KC),DR-570희석제(BTX-FREE),Clear,NUH#3000 CR-CLEAR(KC),KC-BK001 3%용 원액,DR-570희석제(BTX-FREE),,,,,,,,,,KNOB DECO OTR,CROM,
C223,X VANE,BLACK ICE,양산품,,대양,,220,,도장-B,40,18,외관검사,5,1,,,,,,,C223-XVANE-BLACKICE-001,Primer,NUH#3000 CR-CLEAR(KC),NH-500 경화제(KC),DR-570희석제(BTX-FREE),Clear,NUH#3000 CR-CLEAR(KC),KC-BK001 3%용 원액,DR-570희석제(BTX-FREE),,,,,,,,,,DECO X VANE,CROM,
C300,T/G BADGE,TBU,양산품,140,대양,"2,700",700,"2,000",도장-B,40,10,외관검사,10,1,,,,,,,C300-T/GBADGE-TBU-001,Primer,,,,Clear,,,,,,,,,,,,,T/G BADGE,CROM,
GM,EMBLEM(CHEVY),BK,양산품,"2,400",대양,284,65,219,도장-B,45,54,외관검사,5,3,,,,,,,GM-EMBLEM(CHEVY)-BK-001,Primer,,958(HMC)C.A,,Color,,958(HMC)C.A,,,,,,,,,,,CHEVY,BLACK,
GM,EMBLEM(GMC),BK,양산품,"2,400",대양,284,65,219,도장-B,45,54,외관검사,5,3,,,,,,,GM-EMBLEM(GMC)-BK-001,Primer,,958(HMC)C.A,,Color,,958(HMC)C.A,,,,,,,,,,,GMC,BLACK,
GM,EMBLEM(RS),RED,양산품,"2,400",대양,489,65,424,도장-B,45,54,외관검사,5,3,,,,,,,GM-EMBLEM(RS)-RED-001,Primer,NUH#3000 CR-CLEAR(KC),NH-500 경화제(KC),DR-570희석제(BTX-FREE),Clear,NUH#3000 CR-CLEAR(KC),KC-RD002 2%용 원액,DR-570희석제(BTX-FREE),,,,,,,,,,RS (도금),CROM,
GOLF_7,KNOB- DOOR [BLACK (LASER)],WHI,양산품,"1,000",효신,277,60,217,도장-A,5,6,레이저,50,32,외관+각인 검사,20,16,,,,GOLF_7-KNOB-DOOR[BLACK(LASER)]-WHI-001,Primer,NAL# 100 무광 차폐 블랙,,DR-705 신나,Color,NAU-700 GF BLACK (WHI),DH-230 경화제,DR-705 신나,,,,,,,,,우진,DOOR KNOB,WHITE,
GOLF_7,KNOB- DOOR [DYS (LASER)],DYS,양산품,"1,000",효신,277,60,217,도장-A,5,6,레이저,50,32,외관+각인 검사,20,16,,,,GOLF_7-KNOB-DOOR[DYS(LASER)]-DYS-001,Primer,NAL# 100 무광 차폐 블랙,,DR-705 신나,Color,NAU-700 PEAL GREY(DYS),DH-230 경화제,DR-705 신나,,,,,,,,,우진,DOOR KNOB,GRAY,
GOLF_7,KNOB- DOOR [QAW (LASER)],QAW,양산품,1000,효신,277,60,217,도장-A,5,6,레이저,50,32,외관+각인 검사,20,16,,,,GOLF_7-KNOB-DOOR[QAW(LASER)]-QAW-001,Primer,NAL# 100 무광 차폐 블랙,,DR-705 신나,Color,NAU-700 STORM GREY(QAW),DH-230 경화제,DR-705 신나,,,,,,,,,우진,DOOR KNOB,GRAY,
GOLF_7,KNOB- MAP LH [BLACK (LASER)],WHI,양산품,1000,효신,277,60,217,도장-A,5,6,레이저,50,32,외관+각인 검사,20,16,,,,GOLF_7-KNOB-MAPLH[BLACK(LASER)]-WHI-001,Primer,NAL# 100 무광 차폐 블랙,,DR-705 신나,Color,NAU-700 GF BLACK (WHI),DH-230 경화제,DR-705 신나,,,,,,,,,우진,MAP KNOB LH,WHITE,
GOLF_7,KNOB- MAP LH [DYS (LASER)],DYS,양산품,1000,효신,277,60,217,도장-A,5,6,레이저,50,32,외관+각인 검사,20,16,,,,GOLF_7-KNOB-MAPLH[DYS(LASER)]-DYS-001,Primer,NAL# 100 무광 차폐 블랙,,DR-705 신나,Color,NAU-700 PEAL GREY(DYS),DH-230 경화제,DR-705 신나,,,,,,,,,우진,MAP KNOB LH,GRAY,
GOLF_7,KNOB- MAP LH [QAW (LASER)],QAW,양산품,1000,효신,277,60,217,도장-A,5,6,레이저,50,32,외관+각인 검사,20,16,,,,GOLF_7-KNOB-MAPLH[QAW(LASER)]-QAW-001,Primer,NAL# 100 무광 차폐 블랙,,DR-705 신나,Color,NAU-700 STORM GREY(QAW),DH-230 경화제,DR-705 신나,,,,,,,,,우진,MAP KNOB LH,GRAY,
GOLF_7,KNOB- MAP RH [BLACK (LASER)],WHI,양산품,1000,효신,277,60,217,도장-A,5,6,레이저,50,32,외관+각인 검사,20,16,,,,GOLF_7-KNOB-MAPRH[BLACK(LASER)]-WHI-001,Primer,NAL# 100 무광 차폐 블랙,,DR-705 신나,Color,NAU-700 GF BLACK (WHI),DH-230 경화제,DR-705 신나,,,,,,,,,우진,MAP KNOB RH,WHITE,
GOLF_7,KNOB- MAP RH [DYS (LASER)],DYS,양산품,1000,효신,277,60,217,도장-A,5,6,레이저,50,32,외관+각인 검사,20,16,,,,GOLF_7-KNOB-MAPRH[DYS(LASER)]-DYS-001,Primer,NAL# 100 무광 차폐 블랙,,DR-705 신나,Color,NAU-700 PEAL GREY(DYS),DH-230 경화제,DR-705 신나,,,,,,,,,우진,MAP KNOB RH,GRAY,
GOLF_7,KNOB- MAP RH [QAW (LASER)],QAW,양산품,1000,효신,277,60,217,도장-A,5,6,레이저,50,32,외관+각인 검사,20,16,,,,GOLF_7-KNOB-MAPRH[QAW(LASER)]-QAW-001,Primer,NAL# 100 무광 차폐 블랙,,DR-705 신나,Color,NAU-700 STORM GREY(QAW),DH-230 경화제,DR-705 신나,,,,,,,,,우진,MAP KNOB RH,GRAY,
GOLF_7,KNOB- REAR [BLACK (LASER)],WHI,양산품,1000,효신,277,60,217,도장-A,5,6,레이저,50,32,외관+각인 검사,20,16,,,,GOLF_7-KNOB-REAR[BLACK(LASER)]-WHI-001,Primer,NAL# 100 무광 차폐 블랙,,DR-705 신나,Color,NAU-700 GF BLACK (WHI),DH-230 경화제,DR-705 신나,,,,,,,,,우진,REAR KNOB,WHITE,
GOLF_7,KNOB- REAR [DYS (LASER)],DYS,양산품,1000,효신,277,60,217,도장-A,5,6,레이저,50,32,외관+각인 검사,20,16,,,,GOLF_7-KNOB-REAR[DYS(LASER)]-DYS-001,Primer,NAL# 100 무광 차폐 블랙,,DR-705 신나,Color,NAU-700 PEAL GREY(DYS),DH-230 경화제,DR-705 신나,,,,,,,,,우진,REAR KNOB,GRAY,
GOLF_7,KNOB- REAR [QAW (LASER)],QAW,양산품,1000,효신,277,60,217,도장-A,5,6,레이저,50,32,외관+각인 검사,20,16,,,,GOLF_7-KNOB-REAR[QAW(LASER)]-QAW-001,Primer,NAL# 100 무광 차폐 블랙,,DR-705 신나,Color,NAU-700 STORM GREY(QAW),DH-230 경화제,DR-705 신나,,,,,,,,,우진,REAR KNOB,GRAY,
J34A,knob LH (BK J71E02) -북미사양,02 BLACK,양산품,"1,000",효신,306,95,211,도장-A,5,6,레이저,50,32,외관+각인 검사,20,16,,,,J34A-knobLH(BKJ71E02)-북미사양-02BLACK-001,Primer,NAL# 100 무광 차폐 블랙,,DR-705 신나,Color,BLACK(J71E02),958(HMC)C.A,KCD - 희석제,,,,,,,,,월성,LH,WHITE,
J34A,knob LH (GRAY 75),75 GRAY,양산품,"1,000",효신,306,95,211,도장-A,5,6,레이저,50,32,외관+각인 검사,20,16,,,,J34A-knobLH(GRAY75)-75GRAY-001,Primer,NAL# 100 무광 차폐 블랙,,DR-705 신나,Color,GRAY(75),958(HMC)C.A,KCD - 희석제,,,,,,,,,월성,LH,GRAY,
J34A,knob Rh (BK J71E02) -북미사양,02 BLACK,양산품,"1,000",효신,306,95,211,도장-A,5,6,레이저,50,32,외관+각인 검사,20,16,,,,J34A-knobRh(BKJ71E02)-북미사양-02BLACK-001,Primer,NAL# 100 무광 차폐 블랙,,DR-705 신나,Color,BLACK(J71E02),958(HMC)C.A,KCD - 희석제,,,,,,,,,월성,RH,WHITE,
J34A,knob Rh (GRAY 75),75 GRAY,양산품,"1,000",효신,306,95,211,도장-A,5,6,레이저,50,32,외관+각인 검사,20,16,,,,J34A-knobRh(GRAY75)-75GRAY-001,Primer,NAL# 100 무광 차폐 블랙,,DR-705 신나,Color,GRAY(75),958(HMC)C.A,KCD - 희석제,,,,,,,,,월성,RH,GRAY,
P702,P702 PRNDM Button-M,BK,양산품,"1,000",대양,464,109,355,도장A,5,6,레이저,50,32,외관+각인 검사,20,16,,,,P702-P702PRNDMButton-M-BK-001,Primer,NUH#1100 BASE WHITE,,DR-705 신나,Color,NAU-700 6PS,DH-230 경화제,DR-705 신나,,,,,,,,,,P702 BUTTON,BLACK,
P702,P702 PRNDM Button-N,BK,양산품,"1,000",대양,464,109,355,도장A,5,6,레이저,50,32,외관+각인 검사,20,16,,,,P702-P702PRNDMButton-N-BK-001,Primer,NUH#1100 BASE WHITE,,DR-705 신나,Color,NAU-700 6PS,DH-230 경화제,DR-705 신나,,,,,,,,,,P702 BUTTON,BLACK,
P702,P702 PRNDM Lens,H/G BK,양산품,480,대양,,222,850,도장A,40,18,레이저,50,12,도장-B,27,30,외관검사,20,6,P702-P702PRNDMLens-H/GBK-001,Primer,NUH#1100 BASE WHITE,,DR-705 신나,Color,DAU#차폐 BASE BLACK,DH-230 경화제,DR-705 신나,Primer,INTEC#100 P-PRIMER,,,Clear,SY#6000 EXR-CLEAR,,DR-600(TD) 희석제,,P702 LENS,WHITE,
Q2,Q2 HIGH B-CALL KNOB BC5 레이져 인쇄,BC5,양산품,"1,000",왕신,298,70,228,도장-A,5,6,레이저,50,32,외관+각인 검사,20,16,,,,Q2-Q2HIGHB-CALLKNOBBC5레이져인쇄-BC5-001,Primer,NAL# 100 무광 차폐 블랙,,DR-705 신나,Color,NAU-700 BC5,DH-230 경화제,DR-705 신나,,,,,,,,,사내,BCALL KNOB,WHITE,
Q2,Q2 HIGH B-CALL KNOB ET1 레이져 인쇄,ET1,양산품,"1,000",왕신,291,70,221,도장-A,5,6,레이저,50,32,외관+각인 검사,20,16,,,,Q2-Q2HIGHB-CALLKNOBET1레이져인쇄-ET1-001,Primer,NAL# 100 무광 차폐 블랙,,DR-705 신나,Color,NAU-700 ET1,DH-230 경화제,DR-705 신나,,,,,,,,,사내,BCALL KNOB,WHITE,
Q2,Q2 HIGH DOOR KNOB BC5 레이져 인쇄,BC5,양산품,"1,000",왕신,298,70,291,도장-A,5,6,레이저,50,32,외관+각인 검사,20,16,,,,Q2-Q2HIGHDOORKNOBBC5레이져인쇄-BC5-001,Primer,NAL# 100 무광 차폐 블랙,,DR-705 신나,Color,NAU-700 BC5,DH-230 경화제,DR-705 신나,,,,,,,,,사내,HIGH DOOR KNOB,WHITE,
Q2,Q2 HIGH DOOR KNOB ET1 레이져 인쇄,ET1,양산품,"1,000",왕신,291,70,221,도장-A,5,6,레이저,50,32,외관+각인 검사,20,16,,,,Q2-Q2HIGHDOORKNOBET1레이져인쇄-ET1-001,Primer,NAL# 100 무광 차폐 블랙,,DR-705 신나,Color,NAU-700 ET1,DH-230 경화제,DR-705 신나,,,,,,,,,사내,HIGH DOOR KNOB,WHITE,
Q2,Q2 HIGH ROOM KNOB BC5 레이져 인쇄,BC5,양산품,"1,000",왕신,291,70,221,도장-A,5,6,레이저,50,32,외관+각인 검사,20,16,,,,Q2-Q2HIGHROOMKNOBBC5레이져인쇄-BC5-001,Primer,NAL# 100 무광 차폐 블랙,,DR-705 신나,Color,NAU-700 BC5,DH-230 경화제,DR-705 신나,,,,,,,,,사내,HIGH ROOM KNOB,WHITE,
Q2,Q2 HIGH ROOM KNOB ET1 레이져 인쇄,ET1,양산품,"1,000",왕신,291,70,221,도장-A,5,6,레이저,50,32,외관+각인 검사,20,16,,,,Q2-Q2HIGHROOMKNOBET1레이져인쇄-ET1-001,Primer,NAL# 100 무광 차폐 블랙,,DR-705 신나,Color,NAU-700 ET1,DH-230 경화제,DR-705 신나,,,,,,,,,사내,HIGH ROOM KNOB,WHITE,
RIVN,CHROME BEZEL - A/REST (대)[BB],B.B,양산품,16,대양,"2,953",,"2,953",도장-B,40,4,외관검사,10,1,,,,,,,RIVN-CHROMEBEZEL-A/REST(대)[BB]-B.B-001,Primer,유레카 탄 브라운(하도),HAR-08100,유레카 SOL-04127,Color,유레카 탄 브라운(상도),HAR-08100,유레카 SOL-04127,,,,,,,,,,CHROME BEZEL - A/REST (대),CROM,
RIVN,CHROME BEZEL - A/REST (중)[BB],B.B,양산품,36,대양,"1,836",,"1,836",도장-B,40,8,외관검사,10,1,,,,,,,RIVN-CHROMEBEZEL-A/REST(중)[BB]-B.B-001,Primer,유레카 탄 브라운(하도),HAR-08100,유레카 SOL-04127,Color,유레카 탄 브라운(상도),HAR-08100,유레카 SOL-04127,,,,,,,,,,CHROME BEZEL - A/REST (중),CROM,
RIVN,INR LH [BB],B.B,양산품,,대양,727,,727,,25,20,,10,1,,,,,,,RIVN-INRLH[BB]-B.B-001,Primer,유레카 탄 브라운(하도),HAR-08100,유레카 SOL-04127,Color,유레카 탄 브라운(상도),HAR-08100,유레카 SOL-04127,,,,,,,,,,INR LH,CROM,
RIVN,INR LH [GB],G.B,양산품,,대양,727,,221,도장A,25,20,외관검사,10,1,,,,,,,RIVN-INRLH[GB]-G.B-001,Primer,유레카 탄 블랙(하도),HAR-08100,유레카 SOL-04127,Color,유레카 탄 블랙(상도),HAR-08100,유레카 SOL-04127,,,,,,,,,,INR LH,CROM,
RIVN,INR RH [BB],B.B,양산품,,대양,727,,727,,25,20,,10,1,,,,,,,RIVN-INRRH[BB]-B.B-001,Primer,유레카 탄 브라운(하도),HAR-08100,유레카 SOL-04127,Color,유레카 탄 브라운(상도),HAR-08100,유레카 SOL-04127,,,,,,,,,,INR RH,CROM,
RIVN,INR RH [GB],G.B,양산품,,대양,727,,727,도장A,25,20,외관검사,10,1,,,,,,,RIVN-INRRH[GB]-G.B-001,Primer,유레카 탄 블랙(하도),HAR-08100,유레카 SOL-04127,Color,유레카 탄 블랙(상도),HAR-08100,유레카 SOL-04127,,,,,,,,,,INR RH,CROM,
RIVN,L/SUPT BEZEL[BB],B.B,양산품,,대양,486,,486,도장A,25,8,외관검사,10,1,,,,,,,RIVN-L/SUPTBEZEL[BB]-B.B-001,Primer,유레카 탄 브라운(하도),HAR-08100,유레카 SOL-04127,Color,유레카 탄 브라운(상도),HAR-08100,유레카 SOL-04127,,,,,,,,,,L/SUPT BEZEL,CROM,
RIVN,OTR LH [BB],B.B,양산품,,대양,750,,750,도장-A,25,20,외관 검사,10,1,,,,,,,RIVN-OTRLH[BB]-B.B-001,Primer,유레카 탄 브라운(하도),HAR-08100,유레카 SOL-04127,Color,유레카 탄 브라운(상도),HAR-08100,유레카 SOL-04127,,,,,,,,,,OTR LH,CROM,
RIVN,OTR LH [GB],G.B,양산품,,대양,750,,750,도장A,25,20,외관검사,10,1,,,,,,,RIVN-OTRLH[GB]-G.B-001,Primer,유레카 탄 블랙(하도),HAR-08100,유레카 SOL-04127,Color,유레카 탄 블랙(상도),HAR-08100,유레카 SOL-04127,,,,,,,,,,OTR LH,CROM,
RIVN,OTR RH [BB],B.B,양산품,,대양,750,,750,도장A,25,20,외관검사,10,1,,,,,,,RIVN-OTRRH[BB]-B.B-001,Primer,유레카 탄 브라운(하도),HAR-08100,유레카 SOL-04127,Color,유레카 탄 브라운(상도),HAR-08100,유레카 SOL-04127,,,,,,,,,,OTR RH,CROM,
RIVN,OTR RH [GB],G.B,양산품,,대양,750,,750,도장A,25,20,외관검사,10,1,,,,,,,RIVN-OTRRH[GB]-G.B-001,Primer,유레카 탄 블랙(하도),HAR-08100,유레카 SOL-04127,Color,유레카 탄 블랙(상도),HAR-08100,유레카 SOL-04127,,,,,,,,,,OTR RH,CROM,
RIVN,RAIL COVER BEZEL - LH [BB],B.B,양산품,,대양,"1,290",,"1,290",도장-B,40,16,외관검사,10,1,,,,,,,RIVN-RAILCOVERBEZEL-LH[BB]-B.B-001,Primer,유레카 탄 브라운(하도),HAR-08100,유레카 SOL-04127,Color,유레카 탄 브라운(상도),HAR-08100,유레카 SOL-04127,,,,,,,,,,RAIL COVER BEZEL - LH,CROM,
RIVN,RAIL COVER BEZEL - RH [BB],B.B,양산품,,대양,"1,290",,"1,290",도장-B,40,16,외관검사,10,1,,,,,,,RIVN-RAILCOVERBEZEL-RH[BB]-B.B-001,Primer,유레카 탄 브라운(하도),HAR-08100,유레카 SOL-04127,Color,유레카 탄 브라운(상도),HAR-08100,유레카 SOL-04127,,,,,,,,,,RAIL COVER BEZEL - RH,CROM,
RIVN,RECL KNOB  LH[BB],B.B,양산품,,대양,458,,458,도장A,25,16,외관검사,10,1,,,,,,,RIVN-RECLKNOBLH[BB]-B.B-001,Primer,유레카 탄 브라운(하도),HAR-08100,유레카 SOL-04127,Color,유레카 탄 브라운(상도),HAR-08100,유레카 SOL-04127,,,,,,,,,,RECL KNOB LH,CROM,
RIVN,RECL KNOB  RH[BB],B.B,양산품,,대양,458,,458,도장A,25,16,외관검사,10,1,,,,,,,RIVN-RECLKNOBRH[BB]-B.B-001,Primer,유레카 탄 브라운(하도),HAR-08100,유레카 SOL-04127,Color,유레카 탄 브라운(상도),HAR-08100,유레카 SOL-04127,,,,,,,,,,RECL KNOB RH,CROM,
RIVN,SIDE BEZEL - H/REST[BB],B.B,양산품,352,대양,596,,596,A-LINE,25,14,외관검사,10,1,,,,,,,RIVN-SIDEBEZEL-H/REST[BB]-B.B-001,Primer,유레카 탄 브라운(하도),HAR-08100,유레카 SOL-04127,Color,유레카 탄 브라운(상도),HAR-08100,유레카 SOL-04127,,,,,,,,,,SIDE BEZEL - H/REST,CROM,
RIVN,SLIDE KNOB  LH [BB],B.B,양산품,,대양,511,,511,도장A,25,16,외관검사,10,1,,,,,,,RIVN-SLIDEKNOBLH[BB]-B.B-001,Primer,유레카 탄 브라운(하도),HAR-08100,유레카 SOL-04127,Color,유레카 탄 브라운(상도),HAR-08100,유레카 SOL-04127,,,,,,,,,,SLIDE KNOB LH,CROM,
RIVN,SLIDE KNOB RH [BB],B.B,양산품,,대양,511,,511,도장A,25,16,외관검사,10,1,,,,,,,RIVN-SLIDEKNOBRH[BB]-B.B-001,Primer,유레카 탄 브라운(하도),HAR-08100,유레카 SOL-04127,Color,유레카 탄 브라운(상도),HAR-08100,유레카 SOL-04127,,,,,,,,,,SLIDE KNOB RH,CROM,
RIVN,"TBU 2ND BACK, LH[BB]",B.B,양산품,30,대양,"3,056",,"3,056",도장-B,40,3,외관검사,15,1,,,,,,,"RIVN-TBU2NDBACK,LH[BB]-B.B-001",Primer,유레카 탄 브라운(하도),HAR-08100,유레카 SOL-04127,Color,유레카 탄 브라운(상도),HAR-08100,유레카 SOL-04127,,,,,,,,,,"TBU ASSY-2ND BACK, LH",CROM,
RIVN,"TBU 2ND BACK, LH[GB]",G.B,양산품,30,대양,"3,056",,228,도장-B,40,3,외관검사,15,1,,,,,,,"RIVN-TBU2NDBACK,LH[GB]-G.B-001",Primer,유레카 탄 블랙(하도),HAR-08100,유레카 SOL-04127,Color,유레카 탄 블랙(상도),HAR-08100,유레카 SOL-04127,,,,,,,,,,"TBU ASSY-2ND BACK, LH",CROM,
RIVN,"TBU 2ND BACK, RH[BB]",B.B,양산품,30,대양,"3,056",,221,도장-B,40,3,외관검사,15,1,,,,,,,"RIVN-TBU2NDBACK,RH[BB]-B.B-001",Primer,유레카 탄 브라운(하도),HAR-08100,유레카 SOL-04127,Color,유레카 탄 브라운(상도),HAR-08100,유레카 SOL-04127,,,,,,,,,,"TBU ASSY-2ND BACK, RH",CROM,
RIVN,"TBU 2ND BACK, RH[GB]",G.B,양산품,30,대양,"3,056",,"3,056",도장-B,40,3,외관검사,15,1,,,,,,,"RIVN-TBU2NDBACK,RH[GB]-G.B-001",Primer,유레카 탄 블랙(하도),HAR-08100,유레카 SOL-04127,Color,유레카 탄 블랙(상도),HAR-08100,유레카 SOL-04127,,,,,,,,,,"TBU ASSY-2ND BACK, RH",CROM,
RIVN,"TBU 2ND,LH[BB]",B.B,양산품,30,대양,"3,190",,"3,190",도장-B,40,3,외관검사,15,1,,,,,,,"RIVN-TBU2ND,LH[BB]-B.B-001",Primer,유레카 탄 브라운(하도),HAR-08100,유레카 SOL-04127,Color,유레카 탄 브라운(상도),HAR-08100,유레카 SOL-04127,,,,,,,,,,"TBU ASSY-2ND,LH",CROM,
RIVN,"TBU 2ND,LH[GB]",G.B,양산품,30,대양,"3,190",,"3,190",도장-B,40,3,외관검사,15,1,,,,,,,"RIVN-TBU2ND,LH[GB]-G.B-001",Primer,유레카 탄 블랙(하도),HAR-08100,유레카 SOL-04127,Color,유레카 탄 블랙(상도),HAR-08100,유레카 SOL-04127,,,,,,,,,,"TBU ASSY-2ND,LH",CROM,
RIVN,"TBU 2ND,RH[BB]",B.B,양산품,30,대양,"3,190",,"3,190",도장-B,40,3,외관검사,15,1,,,,,,,"RIVN-TBU2ND,RH[BB]-B.B-001",Primer,유레카 탄 브라운(하도),HAR-08100,유레카 SOL-04127,Color,유레카 탄 브라운(상도),HAR-08100,유레카 SOL-04127,,,,,,,,,,"TBU ASSY-2ND,RH",CROM,
RIVN,"TBU 2ND,RH[GB]",G.B,양산품,30,대양,"3,190",,"3,190",도장-B,40,3,외관검사,15,1,,,,,,,"RIVN-TBU2ND,RH[GB]-G.B-001",Primer,유레카 탄 블랙(하도),HAR-08100,유레카 SOL-04127,Color,유레카 탄 블랙(상도),HAR-08100,유레카 SOL-04127,,,,,,,,,,"TBU ASSY-2ND,RH",CROM,
RIVN,TBU FR BACK[CAMP] [BB],B.B,양산품,30,대양,"2,994",,228,도장-B,40,3,외관검사,15,1,,,,,,,RIVN-TBUFRBACK[CAMP][BB]-B.B-001,Primer,유레카 탄 브라운(하도),HAR-08100,유레카 SOL-04127,Color,유레카 탄 브라운(상도),HAR-08100,유레카 SOL-04127,,,,,,,,,,TBU FR ASSY-FR BACK[CAMP],CROM,
RIVN,TBU FR BACK[CAMP] [GB],G.B,양산품,30,대양,"2,994",,"2,994",도장-B,40,3,외관검사,15,1,,,,,,,RIVN-TBUFRBACK[CAMP][GB]-G.B-001,Primer,유레카 탄 블랙(하도),HAR-08100,유레카 SOL-04127,Color,유레카 탄 블랙(상도),HAR-08100,유레카 SOL-04127,,,,,,,,,,TBU FR ASSY-FR BACK[CAMP],CROM,
RIVN,TBU RR-FR BACK [BB],B.B,양산품,30,대양,"2,957",,221,도장-B,40,3,외관검사,15,1,,,,,,,RIVN-TBURR-FRBACK[BB]-B.B-001,Primer,유레카 탄 브라운(하도),HAR-08100,유레카 SOL-04127,Color,유레카 탄 브라운(상도),HAR-08100,유레카 SOL-04127,,,,,,,,,,TBU RR-FR BACK,CROM,
RIVN,TBU RR-FR BACK [GB],G.B,양산품,30,대양,"2,957",,"2,957",도장-B,40,3,외관검사,15,1,,,,,,,RIVN-TBURR-FRBACK[GB]-G.B-001,Primer,유레카 탄 블랙(하도),HAR-08100,유레카 SOL-04127,Color,유레카 탄 블랙(상도),HAR-08100,유레카 SOL-04127,,,,,,,,,,TBU RR-FR BACK,CROM,
T1xx,IL,BK,양산품,"2,400",대양,230,60,170,도장-B,45,54,외관검사,5,3,,,,,,,T1xx-IL-BK-001,Color,B/C PIANO BLACK,,080F 신나(BTX-F),Clear,SY#6000 EXR-CLEAR,,DR-600(TD) 희석제,,,,,,,,,,IL,BLACK,
T1xx,LENS,BK,양산품,360,대양,,245,850,,45,27,레이저,50,32,도장-B,33,27,,3,5,T1xx-LENS-BK-001,Color,UT578(A)-BLACK(PC),958(HMC)C.A,,Primer,SHIELDING BLACK,XPH80002,080F 신나(BTX-F),Primer,INTEC#100 P-PRIMER,KUB 1000 BLACK(S),080F 신나(BTX-F),Clear,KUT-1000(L) uv,,,경원,LENS,CLEAR+BLACK,
T1xx,PARK,BK,양산품,900,대양,504.5,136,369,도장A,45,27,레이저,50,32,도장-B,33,27,외관검사,3,5,T1xx-PARK-BK-001,Primer,SHIELDING BLACK,XPH80002,080F 신나(BTX-F),Color,DAU#차폐 BASE BLACK,DH-230 경화제,DR-705 신나,Primer,INTEC#100 P-PRIMER,,,Clear,SY#6000 EXR-CLEAR,,DR-600(TD) 희석제,월성,P-button,WHITE,
T1xx,T1XX COVER SIDE,ZET BLACK,양산품,,대양,676,262,414,도장A,5,36,외관검사,5,1,,,,,,,T1xx-T1XXCOVERSIDE-ZETBLACK-001,Primer,,958(HMC)C.A,,Color,,958(HMC)C.A,,,,,,,,,,,COVER SIDE,BLACK,
T1xx,T1XX DECO TRIM #1 블랙아이스,BLACK ICE,양산품,140,대양,"1,400",441,959,도장-B,45,27,외관검사,5,1,,,,,,,T1xx-T1XXDECOTRIM#1블랙아이스-BLACKICE-001,Primer,NUH#3000 CR-CLEAR(KC),NH-500 경화제(KC),DR-570희석제(BTX-FREE),Clear,NUH#3000 CR-CLEAR(KC),KC-BK001 3%용 원액,DR-570희석제(BTX-FREE),,,,,,,,,,DECO #1 (도금),CROM,
T1xx,T1XX DECO TRIM #2 블랙아이스,BLACK ICE,양산품,160,대양,"1,400",441,959,도장-B,45,27,외관검사,5,1,,,,,,,T1xx-T1XXDECOTRIM#2블랙아이스-BLACKICE-001,Primer,NUH#3000 CR-CLEAR(KC),NH-500 경화제(KC),DR-570희석제(BTX-FREE),Clear,NUH#3000 CR-CLEAR(KC),KC-BK001 3%용 원액,DR-570희석제(BTX-FREE),,,,,,,,,,DECO #2 (도금),CROM,
T1xx,T1XX DECO TRIM #3 블랙아이스,BLACK ICE,양산품,,대양,612,210,402,도장-B,45,162,외관검사,5,1,,,,,,,T1xx-T1XXDECOTRIM#3블랙아이스-BLACKICE-001,Primer,NUH#3000 CR-CLEAR(KC),NH-500 경화제(KC),DR-570희석제(BTX-FREE),Clear,NUH#3000 CR-CLEAR(KC),KC-BK001 3%용 원액,DR-570희석제(BTX-FREE),,,,,,,,,,DECO #3 (도금),CROM,
T1xx,T1XX KNOB LOWER,ZET BLACK,양산품,,대양,880,241,639,도장A,10,36,외관검사,5,1,,,,,,,T1xx-T1XXKNOBLOWER-ZETBLACK-001,Primer,,958(HMC)C.A,,Color,,958(HMC)C.A,,,,,,,,,,,KNOB LOWER,BLACK,
T1xx,T1XX LINER 블랙아이스,BLACK ICE,양산품,360,대양,990,244,746,도장-B,45,27,외관검사,5,1,,,,,,,T1xx-T1XXLINER블랙아이스-BLACKICE-001,Primer,NUH#3000 CR-CLEAR(KC),NH-500 경화제(KC),DR-570희석제(BTX-FREE),Clear,NUH#3000 CR-CLEAR(KC),KC-BK001 3%용 원액,DR-570희석제(BTX-FREE),,,,,,,,,,LINER (도금),CROM,
T1xx,T1XX TRIM-BEZEL,ZET BLACK,양산품,,대양,"1,294",414,880,도장-B,10,4,외관검사,5,1,,,,,,,T1xx-T1XXTRIM-BEZEL-ZETBLACK-001,Primer,,958(HMC)C.A,,Color,,958(HMC)C.A,,,,,,,,,,,TRIM-BEZEL,BLACK,
T1xx,T1XX UMBRELLA,ZET BLACK,양산품,,대양,471,108,363,도장A,4,6,외관검사,5,1,,,,,,,T1xx-T1XXUMBRELLA-ZETBLACK-001,Primer,,958(HMC)C.A,,Color,,958(HMC)C.A,,,,,,,,,,,UMBRELLA,BLACK,
vn417,LENS(HARD COATING),CLEAR,A/S품,98,흥일,"1,350",605,745,도장-B,25,2,외관검사,,,,,,,,,vn417-LENS(HARDCOATING)-CLEAR-001,,,,,,,,,,,,,,,,,흥일,LENS(HARD COATING),Red + Clear,
XFD,KNOB [LED] BK 1spot,BK,양산품,"2,000",알리,243,66,177,도장-A,5,8,레이저,50,32,외관+각인 검사,20,16,,,,XFD-KNOB[LED]BK1spot-BK-001,Primer,NAL# 100 무광 차폐 블랙,,DR-705 신나,Color,BLACK(XFD),958(HMC)C.A,KCD - 희석제,,,,,,,,,알리,1SPOT,WHITE,
XFD,KNOB [LED] BK SEESAW,BK,양산품,"1,000",알리,361,70,291,도장-A,5,4,레이저,50,32,외관+각인 검사,20,16,,,,XFD-KNOB[LED]BKSEESAW-BK-001,Primer,NAL# 100 무광 차폐 블랙,,DR-705 신나,Color,BLACK(XFD),958(HMC)C.A,KCD - 희석제,,,,,,,,,알리,3SPOT,WHITE,
XFD,KNOB [LED] BLACK,BK,양산품,"2,640",일흥,243,66,177,도장-A,5,8,레이저,50,32,외관+각인 검사,20,16,,,,XFD-KNOB[LED]BLACK-BK-001,Primer,NAL# 100 무광 차폐 블랙,,DR-705 신나,Color,BLACK(XFD),958(HMC)C.A,KCD - 희석제,,,,,,,,,알리,1SPOT,WHITE,
XFD,KNOB [LED] GRAY,GY,양산품,"2,640",일흥,243,66,177,도장-A,5,8,레이저,50,32,외관+각인 검사,20,16,,,,XFD-KNOB[LED]GRAY-GY-001,Primer,NAL# 100 무광 차폐 블랙,,DR-705 신나,Color,NAU-700 GRAY(XFD),DH-230 경화제,DR-705 신나,,,,,,,,,,,,
XFD,KNOB [LED] GY 1spot,GY,양산품,"2,000",알리,243,66,177,도장-A,5,8,레이저,50,32,외관+각인 검사,20,16,,,,XFD-KNOB[LED]GY1spot-GY-001,Primer,NAL# 100 무광 차폐 블랙,,DR-705 신나,Color,NAU-700 GRAY(XFD),DH-230 경화제,DR-705 신나,,,,,,,,,,,,
XFD,KNOB [LED] GY SEESAW,GY,양산품,"1,000",알리,361,70,291,도장-A,5,4,레이저,50,32,외관+각인 검사,20,16,,,,XFD-KNOB[LED]GYSEESAW-GY-001,Primer,NAL# 100 무광 차폐 블랙,,DR-705 신나,Color,NAU-700 GRAY(XFD),DH-230 경화제,DR-705 신나,,,,,,,,,알리,3SPOT,WHITE,
